QUADRANT,TILE #,CHANNEL #,signal name,GLOBAL ID,ASIC #,PixelCentrePosX_mm,PixelCentrePosY_mm,GlobalID,TileCentrePosX_mm,TileCentrePosY_mm
0,0,9,A0_CH9,,0,-57.96,19.92,561.00,-50.46,12.61
0,1,15,A1_CH15,,2,-32.73,1.92,329.00,-25.23,12.61
0,1,30,A1_CH30,,2,-26.73,5.31,371.00,-25.23,12.61
0,0,2,A0_CH2,,0,-60.96,17.31,520.00,-50.46,12.61
0,1,5,A1_CH5,,2,-35.73,7.92,408.00,-25.23,12.61
0,1,20,A1_CH20,,2,-29.73,11.31,450.00,-25.23,12.61
0,0,1,A0_CH1,,0,-60.96,19.92,560.00,-50.46,12.61
0,1,22,A1_CH22,,2,-29.73,5.31,370.00,-25.23,12.61
0,1,31,A1_CH31,,2,-26.73,1.92,331.00,-25.23,12.61
0,0,3,A0_CH3,,0,-60.96,13.92,480.00,-50.46,12.61
0,1,12,A1_CH12,,2,-32.73,11.31,449.00,-25.23,12.61
0,1,21,A1_CH21,,2,-29.73,7.92,410.00,-25.23,12.61
0,0,8,A0_CH8,,0,-57.96,23.31,601.00,-50.46,12.61
0,1,23,A1_CH23,,2,-29.73,1.92,330.00,-25.23,12.61
0,1,38,A1_CH38,,3,-23.73,5.31,372.00,-25.23,12.61
0,0,10,A0_CH10,,0,-57.96,17.31,521.00,-50.46,12.61
0,1,13,A1_CH13,,2,-32.73,7.92,409.00,-25.23,12.61
0,1,28,A1_CH28,,2,-26.73,11.31,451.00,-25.23,12.61
0,0,17,A0_CH17,,0,-54.96,19.92,562.00,-50.46,12.61
0,1,14,A1_CH14,,2,-32.73,5.31,369.00,-25.23,12.61
0,1,39,A1_CH39,,3,-23.73,1.92,332.00,-25.23,12.61
0,0,11,A0_CH11,,0,-57.96,13.92,481.00,-50.46,12.61
0,1,4,A1_CH4,,2,-35.73,11.31,448.00,-25.23,12.61
0,1,29,A1_CH29,,2,-26.73,7.92,411.00,-25.23,12.61
0,0,16,A0_CH16,,0,-54.96,23.31,602.00,-50.46,12.61
0,1,7,A1_CH7,,2,-35.73,1.92,328.00,-25.23,12.61
0,1,46,A1_CH46,,3,-20.73,5.31,373.00,-25.23,12.61
0,0,18,A0_CH18,,0,-54.96,17.31,522.00,-50.46,12.61
0,1,57,A1_CH57,,3,-14.73,19.92,575.00,-25.23,12.61
0,1,36,A1_CH36,,3,-23.73,11.31,452.00,-25.23,12.61
0,0,0,A0_CH0,,0,-60.96,23.31,600.00,-50.46,12.61
0,1,6,A1_CH6,,2,-35.73,5.31,368.00,-25.23,12.61
0,1,62,A1_CH62,,3,-14.73,5.31,375.00,-25.23,12.61
0,0,19,A0_CH19,,0,-54.96,13.92,482.00,-50.46,12.61
0,1,40,A1_CH40,,3,-20.73,23.31,613.00,-25.23,12.61
0,1,37,A1_CH37,,3,-23.73,7.92,412.00,-25.23,12.61
0,0,24,A0_CH24,,0,-51.96,23.31,603.00,-50.46,12.61
0,1,59,A1_CH59,,3,-14.73,13.92,495.00,-25.23,12.61
0,1,54,A1_CH54,,3,-17.73,5.31,374.00,-25.23,12.61
0,0,26,A0_CH26,,0,-51.96,17.31,523.00,-50.46,12.61
0,1,49,A1_CH49,,3,-17.73,19.92,574.00,-25.23,12.61
0,1,44,A1_CH44,,3,-20.73,11.31,453.00,-25.23,12.61
0,0,25,A0_CH25,,0,-51.96,19.92,563.00,-50.46,12.61
0,1,58,A1_CH58,,3,-14.73,17.31,535.00,-25.23,12.61
0,1,55,A1_CH55,,3,-17.73,1.92,334.00,-25.23,12.61
0,0,27,A0_CH27,,0,-51.96,13.92,483.00,-50.46,12.61
0,1,48,A1_CH48,,3,-17.73,23.31,614.00,-25.23,12.61
0,1,61,A1_CH61,,3,-14.73,7.92,415.00,-25.23,12.61
0,0,32,A0_CH32,,1,-48.96,23.31,604.00,-50.46,12.61
0,1,51,A1_CH51,,3,-17.73,13.92,494.00,-25.23,12.61
0,1,47,A1_CH47,,3,-20.73,1.92,333.00,-25.23,12.61
0,0,34,A0_CH34,,1,-48.96,17.31,524.00,-50.46,12.61
0,1,41,A1_CH41,,3,-20.73,19.92,573.00,-25.23,12.61
0,1,52,A1_CH52,,3,-17.73,11.31,454.00,-25.23,12.61
0,0,33,A0_CH33,,1,-48.96,19.92,564.00,-50.46,12.61
0,1,50,A1_CH50,,3,-17.73,17.31,534.00,-25.23,12.61
0,1,63,A1_CH63,,3,-14.73,1.92,335.00,-25.23,12.61
0,0,35,A0_CH35,,1,-48.96,13.92,484.00,-50.46,12.61
0,1,56,A1_CH56,,3,-14.73,23.31,615.00,-25.23,12.61
0,1,53,A1_CH53,,3,-17.73,7.92,414.00,-25.23,12.61
0,0,56,A0_CH56,,1,-39.96,23.31,607.00,-50.46,12.61
0,1,43,A1_CH43,,3,-20.73,13.92,493.00,-25.23,12.61
0,2,2,A2_CH2,,4,-10.50,17.31,536.00,0.00,12.61
0,0,42,A0_CH42,,1,-45.96,17.31,525.00,-50.46,12.61
0,1,33,A1_CH33,,3,-23.73,19.92,572.00,-25.23,12.61
0,1,60,A1_CH60,,3,-14.73,11.31,455.00,-25.23,12.61
0,0,41,A0_CH41,,1,-45.96,19.92,565.00,-50.46,12.61
0,1,42,A1_CH42,,3,-20.73,17.31,533.00,-25.23,12.61
0,2,3,A2_CH3,,4,-10.50,13.92,496.00,0.00,12.61
0,0,43,A0_CH43,,1,-45.96,13.92,485.00,-50.46,12.61
0,1,32,A1_CH32,,3,-23.73,23.31,612.00,-25.23,12.61
0,1,45,A1_CH45,,3,-20.73,7.92,413.00,-25.23,12.61
0,0,48,A0_CH48,,1,-42.96,23.31,606.00,-50.46,12.61
0,1,35,A1_CH35,,3,-23.73,13.92,492.00,-25.23,12.61
0,2,10,A2_CH10,,4,-7.50,17.31,537.00,0.00,12.61
0,0,50,A0_CH50,,1,-42.96,17.31,526.00,-50.46,12.61
0,1,25,A1_CH25,,2,-26.73,19.92,571.00,-25.23,12.61
0,2,9,A2_CH9,,4,-7.50,19.92,577.00,0.00,12.61
0,0,49,A0_CH49,,1,-42.96,19.92,566.00,-50.46,12.61
0,1,34,A1_CH34,,3,-23.73,17.31,532.00,-25.23,12.61
0,2,11,A2_CH11,,4,-7.50,13.92,497.00,0.00,12.61
0,0,51,A0_CH51,,1,-42.96,13.92,486.00,-50.46,12.61
0,1,24,A1_CH24,,2,-26.73,23.31,611.00,-25.23,12.61
0,2,1,A2_CH1,,4,-10.50,19.92,576.00,0.00,12.61
0,0,40,A0_CH40,,1,-45.96,23.31,605.00,-50.46,12.61
0,1,27,A1_CH27,,2,-26.73,13.92,491.00,-25.23,12.61
0,2,18,A2_CH18,,4,-4.50,17.31,538.00,0.00,12.61
0,0,58,A0_CH58,,1,-39.96,17.31,527.00,-50.46,12.61
0,1,0,A1_CH0,,2,-35.73,23.31,608.00,-25.23,12.61
0,2,8,A2_CH8,,4,-7.50,23.31,617.00,0.00,12.61
0,0,57,A0_CH57,,1,-39.96,19.92,567.00,-50.46,12.61
0,1,26,A1_CH26,,2,-26.73,17.31,531.00,-25.23,12.61
0,2,19,A2_CH19,,4,-4.50,13.92,498.00,0.00,12.61
0,0,59,A0_CH59,,1,-39.96,13.92,487.00,-50.46,12.61
0,1,16,A1_CH16,,2,-29.73,23.31,610.00,-25.23,12.61
0,2,17,A2_CH17,,4,-4.50,19.92,578.00,0.00,12.61
0,0,4,A0_CH4,,0,-60.96,11.31,440.00,-50.46,12.61
0,1,19,A1_CH19,,2,-29.73,13.92,490.00,-25.23,12.61
0,2,26,A2_CH26,,4,-1.50,17.31,539.00,0.00,12.61
0,0,6,A0_CH6,,0,-60.96,5.31,360.00,-50.46,12.61
0,1,17,A1_CH17,,2,-29.73,19.92,570.00,-25.23,12.61
0,2,16,A2_CH16,,4,-4.50,23.31,618.00,0.00,12.61
0,0,13,A0_CH13,,0,-57.96,7.92,401.00,-50.46,12.61
0,1,18,A1_CH18,,2,-29.73,17.31,530.00,-25.23,12.61
0,2,27,A2_CH27,,4,-1.50,13.92,499.00,0.00,12.61
0,0,7,A0_CH7,,0,-60.96,1.92,320.00,-50.46,12.61
0,1,8,A1_CH8,,2,-32.73,23.31,609.00,-25.23,12.61
0,2,0,A2_CH0,,4,-10.50,23.31,616.00,0.00,12.61
0,0,12,A0_CH12,,0,-57.96,11.31,441.00,-50.46,12.61
0,1,11,A1_CH11,,2,-32.73,13.92,489.00,-25.23,12.61
0,2,6,A2_CH6,,4,-10.50,5.31,376.00,0.00,12.61
0,0,14,A0_CH14,,0,-57.96,5.31,361.00,-50.46,12.61
0,1,1,A1_CH1,,2,-35.73,19.92,568.00,-25.23,12.61
0,2,24,A2_CH24,,4,-1.50,23.31,619.00,0.00,12.61
0,0,5,A0_CH5,,0,-60.96,7.92,400.00,-50.46,12.61
0,1,10,A1_CH10,,2,-32.73,17.31,529.00,-25.23,12.61
0,2,7,A2_CH7,,4,-10.50,1.92,336.00,0.00,12.61
0,0,23,A0_CH23,,0,-54.96,1.92,322.00,-50.46,12.61
0,1,9,A1_CH9,,2,-32.73,19.92,569.00,-25.23,12.61
0,2,25,A2_CH25,,4,-1.50,19.92,579.00,0.00,12.61
0,0,20,A0_CH20,,0,-54.96,11.31,442.00,-50.46,12.61
0,1,3,A1_CH3,,2,-35.73,13.92,488.00,-25.23,12.61
0,2,14,A2_CH14,,4,-7.50,5.31,377.00,0.00,12.61
0,0,22,A0_CH22,,0,-54.96,5.31,362.00,-50.46,12.61
0,0,61,A0_CH61,,1,-39.96,7.92,407.00,-50.46,12.61
0,2,4,A2_CH4,,4,-10.50,11.31,456.00,0.00,12.61
0,0,21,A0_CH21,,0,-54.96,7.92,402.00,-50.46,12.61
0,1,2,A1_CH2,,2,-35.73,17.31,528.00,-25.23,12.61
0,2,23,A2_CH23,,4,-4.50,1.92,338.00,0.00,12.61
0,0,15,A0_CH15,,0,-57.96,1.92,321.00,-50.46,12.61
0,0,46,A0_CH46,,1,-45.96,5.31,365.00,-50.46,12.61
0,2,13,A2_CH13,,4,-7.50,7.92,417.00,0.00,12.61
0,0,28,A0_CH28,,0,-51.96,11.31,443.00,-50.46,12.61
0,0,62,A0_CH62,,1,-39.96,5.31,367.00,-50.46,12.61
0,2,22,A2_CH22,,4,-4.50,5.31,378.00,0.00,12.61
0,0,30,A0_CH30,,0,-51.96,5.31,363.00,-50.46,12.61
0,0,52,A0_CH52,,1,-42.96,11.31,446.00,-50.46,12.61
0,2,12,A2_CH12,,4,-7.50,11.31,457.00,0.00,12.61
0,0,29,A0_CH29,,0,-51.96,7.92,403.00,-50.46,12.61
0,0,54,A0_CH54,,1,-42.96,5.31,366.00,-50.46,12.61
0,2,15,A2_CH15,,4,-7.50,1.92,337.00,0.00,12.61
0,0,31,A0_CH31,,0,-51.96,1.92,323.00,-50.46,12.61
0,0,53,A0_CH53,,1,-42.96,7.92,406.00,-50.46,12.61
0,2,5,A2_CH5,,4,-10.50,7.92,416.00,0.00,12.61
0,0,36,A0_CH36,,1,-48.96,11.31,444.00,-50.46,12.61
0,0,55,A0_CH55,,1,-42.96,1.92,326.00,-50.46,12.61
0,2,30,A2_CH30,,4,-1.50,5.31,379.00,0.00,12.61
0,0,38,A0_CH38,,1,-48.96,5.31,364.00,-50.46,12.61
0,0,60,A0_CH60,,1,-39.96,11.31,447.00,-50.46,12.61
0,2,20,A2_CH20,,4,-4.50,11.31,458.00,0.00,12.61
0,0,37,A0_CH37,,1,-48.96,7.92,404.00,-50.46,12.61
0,0,47,A0_CH47,,1,-45.96,1.92,325.00,-50.46,12.61
0,2,31,A2_CH31,,4,-1.50,1.92,339.00,0.00,12.61
0,0,39,A0_CH39,,1,-48.96,1.92,324.00,-50.46,12.61
0,0,45,A0_CH45,,1,-45.96,7.92,405.00,-50.46,12.61
0,2,21,A2_CH21,,4,-4.50,7.92,418.00,0.00,12.61
0,0,44,A0_CH44,,1,-45.96,11.31,445.00,-50.46,12.61
0,0,63,A0_CH63,,1,-39.96,1.92,327.00,-50.46,12.61
0,2,29,A2_CH29,,4,-1.50,7.92,419.00,0.00,12.61
0,2,28,A2_CH28,,4,-1.50,11.31,459.00,0.00,12.61
1,4,9,A4_CH9,,0,42.96,19.92,593.00,50.46,12.61
1,3,15,A3_CH15,,2,17.73,1.92,345.00,25.23,12.61
1,3,30,A3_CH30,,2,23.73,5.31,387.00,25.23,12.61
1,4,2,A4_CH2,,0,39.96,17.31,552.00,50.46,12.61
1,3,5,A3_CH5,,2,14.73,7.92,424.00,25.23,12.61
1,3,20,A3_CH20,,2,20.73,11.31,466.00,25.23,12.61
1,4,1,A4_CH1,,0,39.96,19.92,592.00,50.46,12.61
1,3,22,A3_CH22,,2,20.73,5.31,386.00,25.23,12.61
1,3,31,A3_CH31,,2,23.73,1.92,347.00,25.23,12.61
1,4,3,A4_CH3,,0,39.96,13.92,512.00,50.46,12.61
1,3,12,A3_CH12,,2,17.73,11.31,465.00,25.23,12.61
1,3,21,A3_CH21,,2,20.73,7.92,426.00,25.23,12.61
1,4,8,A4_CH8,,0,42.96,23.31,633.00,50.46,12.61
1,3,23,A3_CH23,,2,20.73,1.92,346.00,25.23,12.61
1,3,38,A3_CH38,,3,26.73,5.31,388.00,25.23,12.61
1,4,10,A4_CH10,,0,42.96,17.31,553.00,50.46,12.61
1,3,13,A3_CH13,,2,17.73,7.92,425.00,25.23,12.61
1,3,28,A3_CH28,,2,23.73,11.31,467.00,25.23,12.61
1,4,17,A4_CH17,,0,45.96,19.92,594.00,50.46,12.61
1,3,14,A3_CH14,,2,17.73,5.31,385.00,25.23,12.61
1,3,39,A3_CH39,,3,26.73,1.92,348.00,25.23,12.61
1,4,11,A4_CH11,,0,42.96,13.92,513.00,50.46,12.61
1,3,4,A3_CH4,,2,14.73,11.31,464.00,25.23,12.61
1,3,29,A3_CH29,,2,23.73,7.92,427.00,25.23,12.61
1,4,16,A4_CH16,,0,45.96,23.31,634.00,50.46,12.61
1,3,7,A3_CH7,,2,14.73,1.92,344.00,25.23,12.61
1,3,46,A3_CH46,,3,29.73,5.31,389.00,25.23,12.61
1,4,18,A4_CH18,,0,45.96,17.31,554.00,50.46,12.61
1,3,57,A3_CH57,,3,35.73,19.92,591.00,25.23,12.61
1,3,36,A3_CH36,,3,26.73,11.31,468.00,25.23,12.61
1,4,0,A4_CH0,,0,39.96,23.31,632.00,50.46,12.61
1,3,6,A3_CH6,,2,14.73,5.31,384.00,25.23,12.61
1,3,62,A3_CH62,,3,35.73,5.31,391.00,25.23,12.61
1,4,19,A4_CH19,,0,45.96,13.92,514.00,50.46,12.61
1,3,40,A3_CH40,,3,29.73,23.31,629.00,25.23,12.61
1,3,37,A3_CH37,,3,26.73,7.92,428.00,25.23,12.61
1,4,24,A4_CH24,,0,48.96,23.31,635.00,50.46,12.61
1,3,59,A3_CH59,,3,35.73,13.92,511.00,25.23,12.61
1,3,54,A3_CH54,,3,32.73,5.31,390.00,25.23,12.61
1,4,26,A4_CH26,,0,48.96,17.31,555.00,50.46,12.61
1,3,49,A3_CH49,,3,32.73,19.92,590.00,25.23,12.61
1,3,44,A3_CH44,,3,29.73,11.31,469.00,25.23,12.61
1,4,25,A4_CH25,,0,48.96,19.92,595.00,50.46,12.61
1,3,58,A3_CH58,,3,35.73,17.31,551.00,25.23,12.61
1,3,55,A3_CH55,,3,32.73,1.92,350.00,25.23,12.61
1,4,27,A4_CH27,,0,48.96,13.92,515.00,50.46,12.61
1,3,48,A3_CH48,,3,32.73,23.31,630.00,25.23,12.61
1,3,61,A3_CH61,,3,35.73,7.92,431.00,25.23,12.61
1,4,32,A4_CH32,,1,51.96,23.31,636.00,50.46,12.61
1,3,51,A3_CH51,,3,32.73,13.92,510.00,25.23,12.61
1,3,47,A3_CH47,,3,29.73,1.92,349.00,25.23,12.61
1,4,34,A4_CH34,,1,51.96,17.31,556.00,50.46,12.61
1,3,41,A3_CH41,,3,29.73,19.92,589.00,25.23,12.61
1,3,52,A3_CH52,,3,32.73,11.31,470.00,25.23,12.61
1,4,33,A4_CH33,,1,51.96,19.92,596.00,50.46,12.61
1,3,50,A3_CH50,,3,32.73,17.31,550.00,25.23,12.61
1,3,63,A3_CH63,,3,35.73,1.92,351.00,25.23,12.61
1,4,35,A4_CH35,,1,51.96,13.92,516.00,50.46,12.61
1,3,56,A3_CH56,,3,35.73,23.31,631.00,25.23,12.61
1,3,53,A3_CH53,,3,32.73,7.92,430.00,25.23,12.61
1,4,56,A4_CH56,,1,60.96,23.31,639.00,50.46,12.61
1,3,43,A3_CH43,,3,29.73,13.92,509.00,25.23,12.61
1,2,34,A2_CH34,,4,1.50,17.31,540.00,0.00,12.61
1,4,42,A4_CH42,,1,54.96,17.31,557.00,50.46,12.61
1,3,33,A3_CH33,,3,26.73,19.92,588.00,25.23,12.61
1,3,60,A3_CH60,,3,35.73,11.31,471.00,25.23,12.61
1,4,41,A4_CH41,,1,54.96,19.92,597.00,50.46,12.61
1,3,42,A3_CH42,,3,29.73,17.31,549.00,25.23,12.61
1,2,35,A2_CH35,,4,1.50,13.92,500.00,0.00,12.61
1,4,43,A4_CH43,,1,54.96,13.92,517.00,50.46,12.61
1,3,32,A3_CH32,,3,26.73,23.31,628.00,25.23,12.61
1,3,45,A3_CH45,,3,29.73,7.92,429.00,25.23,12.61
1,4,48,A4_CH48,,1,57.96,23.31,638.00,50.46,12.61
1,3,35,A3_CH35,,3,26.73,13.92,508.00,25.23,12.61
1,2,42,A2_CH42,,4,4.50,17.31,541.00,0.00,12.61
1,4,50,A4_CH50,,1,57.96,17.31,558.00,50.46,12.61
1,3,25,A3_CH25,,2,23.73,19.92,587.00,25.23,12.61
1,2,41,A2_CH41,,4,4.50,19.92,581.00,0.00,12.61
1,4,49,A4_CH49,,1,57.96,19.92,598.00,50.46,12.61
1,3,34,A3_CH34,,3,26.73,17.31,548.00,25.23,12.61
1,2,43,A2_CH43,,4,4.50,13.92,501.00,0.00,12.61
1,4,51,A4_CH51,,1,57.96,13.92,518.00,50.46,12.61
1,3,24,A3_CH24,,2,23.73,23.31,627.00,25.23,12.61
1,2,33,A2_CH33,,4,1.50,19.92,580.00,0.00,12.61
1,4,40,A4_CH40,,1,54.96,23.31,637.00,50.46,12.61
1,3,27,A3_CH27,,2,23.73,13.92,507.00,25.23,12.61
1,2,50,A2_CH50,,4,7.50,17.31,542.00,0.00,12.61
1,4,58,A4_CH58,,1,60.96,17.31,559.00,50.46,12.61
1,3,0,A3_CH0,,2,14.73,23.31,624.00,25.23,12.61
1,2,40,A2_CH40,,4,4.50,23.31,621.00,0.00,12.61
1,4,57,A4_CH57,,1,60.96,19.92,599.00,50.46,12.61
1,3,26,A3_CH26,,2,23.73,17.31,547.00,25.23,12.61
1,2,51,A2_CH51,,4,7.50,13.92,502.00,0.00,12.61
1,4,59,A4_CH59,,1,60.96,13.92,519.00,50.46,12.61
1,3,16,A3_CH16,,2,20.73,23.31,626.00,25.23,12.61
1,2,49,A2_CH49,,4,7.50,19.92,582.00,0.00,12.61
1,4,4,A4_CH4,,0,39.96,11.31,472.00,50.46,12.61
1,3,19,A3_CH19,,2,20.73,13.92,506.00,25.23,12.61
1,2,58,A2_CH58,,4,10.50,17.31,543.00,0.00,12.61
1,4,6,A4_CH6,,0,39.96,5.31,392.00,50.46,12.61
1,3,17,A3_CH17,,2,20.73,19.92,586.00,25.23,12.61
1,2,48,A2_CH48,,4,7.50,23.31,622.00,0.00,12.61
1,4,13,A4_CH13,,0,42.96,7.92,433.00,50.46,12.61
1,3,18,A3_CH18,,2,20.73,17.31,546.00,25.23,12.61
1,2,59,A2_CH59,,4,10.50,13.92,503.00,0.00,12.61
1,4,7,A4_CH7,,0,39.96,1.92,352.00,50.46,12.61
1,3,8,A3_CH8,,2,17.73,23.31,625.00,25.23,12.61
1,2,32,A2_CH32,,4,1.50,23.31,620.00,0.00,12.61
1,4,12,A4_CH12,,0,42.96,11.31,473.00,50.46,12.61
1,3,11,A3_CH11,,2,17.73,13.92,505.00,25.23,12.61
1,2,38,A2_CH38,,4,1.50,5.31,380.00,0.00,12.61
1,4,14,A4_CH14,,0,42.96,5.31,393.00,50.46,12.61
1,3,1,A3_CH1,,2,14.73,19.92,584.00,25.23,12.61
1,2,56,A2_CH56,,4,10.50,23.31,623.00,0.00,12.61
1,4,5,A4_CH5,,0,39.96,7.92,432.00,50.46,12.61
1,3,10,A3_CH10,,2,17.73,17.31,545.00,25.23,12.61
1,2,39,A2_CH39,,4,1.50,1.92,340.00,0.00,12.61
1,4,23,A4_CH23,,0,45.96,1.92,354.00,50.46,12.61
1,3,9,A3_CH9,,2,17.73,19.92,585.00,25.23,12.61
1,2,57,A2_CH57,,4,10.50,19.92,583.00,0.00,12.61
1,4,20,A4_CH20,,0,45.96,11.31,474.00,50.46,12.61
1,3,3,A3_CH3,,2,14.73,13.92,504.00,25.23,12.61
1,2,46,A2_CH46,,4,4.50,5.31,381.00,0.00,12.61
1,4,22,A4_CH22,,0,45.96,5.31,394.00,50.46,12.61
1,4,61,A4_CH61,,1,60.96,7.92,439.00,50.46,12.61
1,2,36,A2_CH36,,4,1.50,11.31,460.00,0.00,12.61
1,4,21,A4_CH21,,0,45.96,7.92,434.00,50.46,12.61
1,3,2,A3_CH2,,2,14.73,17.31,544.00,25.23,12.61
1,2,55,A2_CH55,,4,7.50,1.92,342.00,0.00,12.61
1,4,15,A4_CH15,,0,42.96,1.92,353.00,50.46,12.61
1,4,46,A4_CH46,,1,54.96,5.31,397.00,50.46,12.61
1,2,45,A2_CH45,,4,4.50,7.92,421.00,0.00,12.61
1,4,28,A4_CH28,,0,48.96,11.31,475.00,50.46,12.61
1,4,62,A4_CH62,,1,60.96,5.31,399.00,50.46,12.61
1,2,54,A2_CH54,,4,7.50,5.31,382.00,0.00,12.61
1,4,30,A4_CH30,,0,48.96,5.31,395.00,50.46,12.61
1,4,52,A4_CH52,,1,57.96,11.31,478.00,50.46,12.61
1,2,44,A2_CH44,,4,4.50,11.31,461.00,0.00,12.61
1,4,29,A4_CH29,,0,48.96,7.92,435.00,50.46,12.61
1,4,54,A4_CH54,,1,57.96,5.31,398.00,50.46,12.61
1,2,47,A2_CH47,,4,4.50,1.92,341.00,0.00,12.61
1,4,31,A4_CH31,,0,48.96,1.92,355.00,50.46,12.61
1,4,53,A4_CH53,,1,57.96,7.92,438.00,50.46,12.61
1,2,37,A2_CH37,,4,1.50,7.92,420.00,0.00,12.61
1,4,36,A4_CH36,,1,51.96,11.31,476.00,50.46,12.61
1,4,55,A4_CH55,,1,57.96,1.92,358.00,50.46,12.61
1,2,62,A2_CH62,,4,10.50,5.31,383.00,0.00,12.61
1,4,38,A4_CH38,,1,51.96,5.31,396.00,50.46,12.61
1,4,60,A4_CH60,,1,60.96,11.31,479.00,50.46,12.61
1,2,52,A2_CH52,,4,7.50,11.31,462.00,0.00,12.61
1,4,37,A4_CH37,,1,51.96,7.92,436.00,50.46,12.61
1,4,47,A4_CH47,,1,54.96,1.92,357.00,50.46,12.61
1,2,63,A2_CH63,,4,10.50,1.92,343.00,0.00,12.61
1,4,39,A4_CH39,,1,51.96,1.92,356.00,50.46,12.61
1,4,45,A4_CH45,,1,54.96,7.92,437.00,50.46,12.61
1,2,53,A2_CH53,,4,7.50,7.92,422.00,0.00,12.61
1,4,44,A4_CH44,,1,54.96,11.31,477.00,50.46,12.61
1,4,63,A4_CH63,,1,60.96,1.92,359.00,50.46,12.61
1,2,61,A2_CH61,,4,10.50,7.92,423.00,0.00,12.61
1,2,60,A2_CH60,,4,10.50,11.31,463.00,0.00,12.61
2,9,9,A9_CH9,,0,-42.96,-19.92,46.00,-50.46,-12.61
2,8,15,A8_CH15,,2,-17.73,-1.92,294.00,-25.23,-12.61
2,8,30,A8_CH30,,2,-23.73,-5.31,252.00,-25.23,-12.61
2,9,2,A9_CH2,,0,-39.96,-17.31,87.00,-50.46,-12.61
2,8,5,A8_CH5,,2,-14.73,-7.92,215.00,-25.23,-12.61
2,8,20,A8_CH20,,2,-20.73,-11.31,173.00,-25.23,-12.61
2,9,1,A9_CH1,,0,-39.96,-19.92,47.00,-50.46,-12.61
2,8,22,A8_CH22,,2,-20.73,-5.31,253.00,-25.23,-12.61
2,8,31,A8_CH31,,2,-23.73,-1.92,292.00,-25.23,-12.61
2,9,3,A9_CH3,,0,-39.96,-13.92,127.00,-50.46,-12.61
2,8,12,A8_CH12,,2,-17.73,-11.31,174.00,-25.23,-12.61
2,8,21,A8_CH21,,2,-20.73,-7.92,213.00,-25.23,-12.61
2,9,8,A9_CH8,,0,-42.96,-23.31,6.00,-50.46,-12.61
2,8,23,A8_CH23,,2,-20.73,-1.92,293.00,-25.23,-12.61
2,8,38,A8_CH38,,3,-26.73,-5.31,251.00,-25.23,-12.61
2,9,10,A9_CH10,,0,-42.96,-17.31,86.00,-50.46,-12.61
2,8,13,A8_CH13,,2,-17.73,-7.92,214.00,-25.23,-12.61
2,8,28,A8_CH28,,2,-23.73,-11.31,172.00,-25.23,-12.61
2,9,17,A9_CH17,,0,-45.96,-19.92,45.00,-50.46,-12.61
2,8,14,A8_CH14,,2,-17.73,-5.31,254.00,-25.23,-12.61
2,8,39,A8_CH39,,3,-26.73,-1.92,291.00,-25.23,-12.61
2,9,11,A9_CH11,,0,-42.96,-13.92,126.00,-50.46,-12.61
2,8,4,A8_CH4,,2,-14.73,-11.31,175.00,-25.23,-12.61
2,8,29,A8_CH29,,2,-23.73,-7.92,212.00,-25.23,-12.61
2,9,16,A9_CH16,,0,-45.96,-23.31,5.00,-50.46,-12.61
2,8,7,A8_CH7,,2,-14.73,-1.92,295.00,-25.23,-12.61
2,8,46,A8_CH46,,3,-29.73,-5.31,250.00,-25.23,-12.61
2,9,18,A9_CH18,,0,-45.96,-17.31,85.00,-50.46,-12.61
2,8,57,A8_CH57,,3,-35.73,-19.92,48.00,-25.23,-12.61
2,8,36,A8_CH36,,3,-26.73,-11.31,171.00,-25.23,-12.61
2,9,0,A9_CH0,,0,-39.96,-23.31,7.00,-50.46,-12.61
2,8,6,A8_CH6,,2,-14.73,-5.31,255.00,-25.23,-12.61
2,8,62,A8_CH62,,3,-35.73,-5.31,248.00,-25.23,-12.61
2,9,19,A9_CH19,,0,-45.96,-13.92,125.00,-50.46,-12.61
2,8,40,A8_CH40,,3,-29.73,-23.31,10.00,-25.23,-12.61
2,8,37,A8_CH37,,3,-26.73,-7.92,211.00,-25.23,-12.61
2,9,24,A9_CH24,,0,-48.96,-23.31,4.00,-50.46,-12.61
2,8,59,A8_CH59,,3,-35.73,-13.92,128.00,-25.23,-12.61
2,8,54,A8_CH54,,3,-32.73,-5.31,249.00,-25.23,-12.61
2,9,26,A9_CH26,,0,-48.96,-17.31,84.00,-50.46,-12.61
2,8,49,A8_CH49,,3,-32.73,-19.92,49.00,-25.23,-12.61
2,8,44,A8_CH44,,3,-29.73,-11.31,170.00,-25.23,-12.61
2,9,25,A9_CH25,,0,-48.96,-19.92,44.00,-50.46,-12.61
2,8,58,A8_CH58,,3,-35.73,-17.31,88.00,-25.23,-12.61
2,8,55,A8_CH55,,3,-32.73,-1.92,289.00,-25.23,-12.61
2,9,27,A9_CH27,,0,-48.96,-13.92,124.00,-50.46,-12.61
2,8,48,A8_CH48,,3,-32.73,-23.31,9.00,-25.23,-12.61
2,8,61,A8_CH61,,3,-35.73,-7.92,208.00,-25.23,-12.61
2,9,32,A9_CH32,,1,-51.96,-23.31,3.00,-50.46,-12.61
2,8,51,A8_CH51,,3,-32.73,-13.92,129.00,-25.23,-12.61
2,8,47,A8_CH47,,3,-29.73,-1.92,290.00,-25.23,-12.61
2,9,34,A9_CH34,,1,-51.96,-17.31,83.00,-50.46,-12.61
2,8,41,A8_CH41,,3,-29.73,-19.92,50.00,-25.23,-12.61
2,8,52,A8_CH52,,3,-32.73,-11.31,169.00,-25.23,-12.61
2,9,33,A9_CH33,,1,-51.96,-19.92,43.00,-50.46,-12.61
2,8,50,A8_CH50,,3,-32.73,-17.31,89.00,-25.23,-12.61
2,8,63,A8_CH63,,3,-35.73,-1.92,288.00,-25.23,-12.61
2,9,35,A9_CH35,,1,-51.96,-13.92,123.00,-50.46,-12.61
2,8,56,A8_CH56,,3,-35.73,-23.31,8.00,-25.23,-12.61
2,8,53,A8_CH53,,3,-32.73,-7.92,209.00,-25.23,-12.61
2,9,56,A9_CH56,,1,-60.96,-23.31,0.00,-50.46,-12.61
2,8,43,A8_CH43,,3,-29.73,-13.92,130.00,-25.23,-12.61
2,7,34,A7_CH34,,4,-1.50,-17.31,99.00,0.00,-12.61
2,9,42,A9_CH42,,1,-54.96,-17.31,82.00,-50.46,-12.61
2,8,33,A8_CH33,,3,-26.73,-19.92,51.00,-25.23,-12.61
2,8,60,A8_CH60,,3,-35.73,-11.31,168.00,-25.23,-12.61
2,9,41,A9_CH41,,1,-54.96,-19.92,42.00,-50.46,-12.61
2,8,42,A8_CH42,,3,-29.73,-17.31,90.00,-25.23,-12.61
2,7,35,A7_CH35,,4,-1.50,-13.92,139.00,0.00,-12.61
2,9,43,A9_CH43,,1,-54.96,-13.92,122.00,-50.46,-12.61
2,8,32,A8_CH32,,3,-26.73,-23.31,11.00,-25.23,-12.61
2,8,45,A8_CH45,,3,-29.73,-7.92,210.00,-25.23,-12.61
2,9,48,A9_CH48,,1,-57.96,-23.31,1.00,-50.46,-12.61
2,8,35,A8_CH35,,3,-26.73,-13.92,131.00,-25.23,-12.61
2,7,42,A7_CH42,,4,-4.50,-17.31,98.00,0.00,-12.61
2,9,50,A9_CH50,,1,-57.96,-17.31,81.00,-50.46,-12.61
2,8,25,A8_CH25,,2,-23.73,-19.92,52.00,-25.23,-12.61
2,7,41,A7_CH41,,4,-4.50,-19.92,58.00,0.00,-12.61
2,9,49,A9_CH49,,1,-57.96,-19.92,41.00,-50.46,-12.61
2,8,34,A8_CH34,,3,-26.73,-17.31,91.00,-25.23,-12.61
2,7,43,A7_CH43,,4,-4.50,-13.92,138.00,0.00,-12.61
2,9,51,A9_CH51,,1,-57.96,-13.92,121.00,-50.46,-12.61
2,8,24,A8_CH24,,2,-23.73,-23.31,12.00,-25.23,-12.61
2,7,33,A7_CH33,,4,-1.50,-19.92,59.00,0.00,-12.61
2,9,40,A9_CH40,,1,-54.96,-23.31,2.00,-50.46,-12.61
2,8,27,A8_CH27,,2,-23.73,-13.92,132.00,-25.23,-12.61
2,7,50,A7_CH50,,4,-7.50,-17.31,97.00,0.00,-12.61
2,9,58,A9_CH58,,1,-60.96,-17.31,80.00,-50.46,-12.61
2,8,0,A8_CH0,,2,-14.73,-23.31,15.00,-25.23,-12.61
2,7,40,A7_CH40,,4,-4.50,-23.31,18.00,0.00,-12.61
2,9,57,A9_CH57,,1,-60.96,-19.92,40.00,-50.46,-12.61
2,8,26,A8_CH26,,2,-23.73,-17.31,92.00,-25.23,-12.61
2,7,51,A7_CH51,,4,-7.50,-13.92,137.00,0.00,-12.61
2,9,59,A9_CH59,,1,-60.96,-13.92,120.00,-50.46,-12.61
2,8,16,A8_CH16,,2,-20.73,-23.31,13.00,-25.23,-12.61
2,7,49,A7_CH49,,4,-7.50,-19.92,57.00,0.00,-12.61
2,9,4,A9_CH4,,0,-39.96,-11.31,167.00,-50.46,-12.61
2,8,19,A8_CH19,,2,-20.73,-13.92,133.00,-25.23,-12.61
2,7,58,A7_CH58,,4,-10.50,-17.31,96.00,0.00,-12.61
2,9,6,A9_CH6,,0,-39.96,-5.31,247.00,-50.46,-12.61
2,8,17,A8_CH17,,2,-20.73,-19.92,53.00,-25.23,-12.61
2,7,48,A7_CH48,,4,-7.50,-23.31,17.00,0.00,-12.61
2,9,13,A9_CH13,,0,-42.96,-7.92,206.00,-50.46,-12.61
2,8,18,A8_CH18,,2,-20.73,-17.31,93.00,-25.23,-12.61
2,7,59,A7_CH59,,4,-10.50,-13.92,136.00,0.00,-12.61
2,9,7,A9_CH7,,0,-39.96,-1.92,287.00,-50.46,-12.61
2,8,8,A8_CH8,,2,-17.73,-23.31,14.00,-25.23,-12.61
2,7,32,A7_CH32,,4,-1.50,-23.31,19.00,0.00,-12.61
2,9,12,A9_CH12,,0,-42.96,-11.31,166.00,-50.46,-12.61
2,8,11,A8_CH11,,2,-17.73,-13.92,134.00,-25.23,-12.61
2,7,38,A7_CH38,,4,-1.50,-5.31,259.00,0.00,-12.61
2,9,14,A9_CH14,,0,-42.96,-5.31,246.00,-50.46,-12.61
2,8,1,A8_CH1,,2,-14.73,-19.92,55.00,-25.23,-12.61
2,7,56,A7_CH56,,4,-10.50,-23.31,16.00,0.00,-12.61
2,9,5,A9_CH5,,0,-39.96,-7.92,207.00,-50.46,-12.61
2,8,10,A8_CH10,,2,-17.73,-17.31,94.00,-25.23,-12.61
2,7,39,A7_CH39,,4,-1.50,-1.92,299.00,0.00,-12.61
2,9,23,A9_CH23,,0,-45.96,-1.92,285.00,-50.46,-12.61
2,8,9,A8_CH9,,2,-17.73,-19.92,54.00,-25.23,-12.61
2,7,57,A7_CH57,,4,-10.50,-19.92,56.00,0.00,-12.61
2,9,20,A9_CH20,,0,-45.96,-11.31,165.00,-50.46,-12.61
2,8,3,A8_CH3,,2,-14.73,-13.92,135.00,-25.23,-12.61
2,7,46,A7_CH46,,4,-4.50,-5.31,258.00,0.00,-12.61
2,9,22,A9_CH22,,0,-45.96,-5.31,245.00,-50.46,-12.61
2,9,61,A9_CH61,,1,-60.96,-7.92,200.00,-50.46,-12.61
2,7,36,A7_CH36,,4,-1.50,-11.31,179.00,0.00,-12.61
2,9,21,A9_CH21,,0,-45.96,-7.92,205.00,-50.46,-12.61
2,8,2,A8_CH2,,2,-14.73,-17.31,95.00,-25.23,-12.61
2,7,55,A7_CH55,,4,-7.50,-1.92,297.00,0.00,-12.61
2,9,15,A9_CH15,,0,-42.96,-1.92,286.00,-50.46,-12.61
2,9,46,A9_CH46,,1,-54.96,-5.31,242.00,-50.46,-12.61
2,7,45,A7_CH45,,4,-4.50,-7.92,218.00,0.00,-12.61
2,9,28,A9_CH28,,0,-48.96,-11.31,164.00,-50.46,-12.61
2,9,62,A9_CH62,,1,-60.96,-5.31,240.00,-50.46,-12.61
2,7,54,A7_CH54,,4,-7.50,-5.31,257.00,0.00,-12.61
2,9,30,A9_CH30,,0,-48.96,-5.31,244.00,-50.46,-12.61
2,9,52,A9_CH52,,1,-57.96,-11.31,161.00,-50.46,-12.61
2,7,44,A7_CH44,,4,-4.50,-11.31,178.00,0.00,-12.61
2,9,29,A9_CH29,,0,-48.96,-7.92,204.00,-50.46,-12.61
2,9,54,A9_CH54,,1,-57.96,-5.31,241.00,-50.46,-12.61
2,7,47,A7_CH47,,4,-4.50,-1.92,298.00,0.00,-12.61
2,9,31,A9_CH31,,0,-48.96,-1.92,284.00,-50.46,-12.61
2,9,53,A9_CH53,,1,-57.96,-7.92,201.00,-50.46,-12.61
2,7,37,A7_CH37,,4,-1.50,-7.92,219.00,0.00,-12.61
2,9,36,A9_CH36,,1,-51.96,-11.31,163.00,-50.46,-12.61
2,9,55,A9_CH55,,1,-57.96,-1.92,281.00,-50.46,-12.61
2,7,62,A7_CH62,,4,-10.50,-5.31,256.00,0.00,-12.61
2,9,38,A9_CH38,,1,-51.96,-5.31,243.00,-50.46,-12.61
2,9,60,A9_CH60,,1,-60.96,-11.31,160.00,-50.46,-12.61
2,7,52,A7_CH52,,4,-7.50,-11.31,177.00,0.00,-12.61
2,9,37,A9_CH37,,1,-51.96,-7.92,203.00,-50.46,-12.61
2,9,47,A9_CH47,,1,-54.96,-1.92,282.00,-50.46,-12.61
2,7,63,A7_CH63,,4,-10.50,-1.92,296.00,0.00,-12.61
2,9,39,A9_CH39,,1,-51.96,-1.92,283.00,-50.46,-12.61
2,9,45,A9_CH45,,1,-54.96,-7.92,202.00,-50.46,-12.61
2,7,53,A7_CH53,,4,-7.50,-7.92,217.00,0.00,-12.61
2,9,44,A9_CH44,,1,-54.96,-11.31,162.00,-50.46,-12.61
2,9,63,A9_CH63,,1,-60.96,-1.92,280.00,-50.46,-12.61
2,7,61,A7_CH61,,4,-10.50,-7.92,216.00,0.00,-12.61
2,7,60,A7_CH60,,4,-10.50,-11.31,176.00,0.00,-12.61
3,5,9,A5_CH9,,0,57.96,-19.92,78.00,50.46,-12.61
3,6,15,A6_CH15,,2,32.73,-1.92,310.00,25.23,-12.61
3,6,30,A6_CH30,,2,26.73,-5.31,268.00,25.23,-12.61
3,5,2,A5_CH2,,0,60.96,-17.31,119.00,50.46,-12.61
3,6,5,A6_CH5,,2,35.73,-7.92,231.00,25.23,-12.61
3,6,20,A6_CH20,,2,29.73,-11.31,189.00,25.23,-12.61
3,5,1,A5_CH1,,0,60.96,-19.92,79.00,50.46,-12.61
3,6,22,A6_CH22,,2,29.73,-5.31,269.00,25.23,-12.61
3,6,31,A6_CH31,,2,26.73,-1.92,308.00,25.23,-12.61
3,5,3,A5_CH3,,0,60.96,-13.92,159.00,50.46,-12.61
3,6,12,A6_CH12,,2,32.73,-11.31,190.00,25.23,-12.61
3,6,21,A6_CH21,,2,29.73,-7.92,229.00,25.23,-12.61
3,5,8,A5_CH8,,0,57.96,-23.31,38.00,50.46,-12.61
3,6,23,A6_CH23,,2,29.73,-1.92,309.00,25.23,-12.61
3,6,38,A6_CH38,,3,23.73,-5.31,267.00,25.23,-12.61
3,5,10,A5_CH10,,0,57.96,-17.31,118.00,50.46,-12.61
3,6,13,A6_CH13,,2,32.73,-7.92,230.00,25.23,-12.61
3,6,28,A6_CH28,,2,26.73,-11.31,188.00,25.23,-12.61
3,5,17,A5_CH17,,0,54.96,-19.92,77.00,50.46,-12.61
3,6,14,A6_CH14,,2,32.73,-5.31,270.00,25.23,-12.61
3,6,39,A6_CH39,,3,23.73,-1.92,307.00,25.23,-12.61
3,5,11,A5_CH11,,0,57.96,-13.92,158.00,50.46,-12.61
3,6,4,A6_CH4,,2,35.73,-11.31,191.00,25.23,-12.61
3,6,29,A6_CH29,,2,26.73,-7.92,228.00,25.23,-12.61
3,5,16,A5_CH16,,0,54.96,-23.31,37.00,50.46,-12.61
3,6,7,A6_CH7,,2,35.73,-1.92,311.00,25.23,-12.61
3,6,46,A6_CH46,,3,20.73,-5.31,266.00,25.23,-12.61
3,5,18,A5_CH18,,0,54.96,-17.31,117.00,50.46,-12.61
3,6,57,A6_CH57,,3,14.73,-19.92,64.00,25.23,-12.61
3,6,36,A6_CH36,,3,23.73,-11.31,187.00,25.23,-12.61
3,5,0,A5_CH0,,0,60.96,-23.31,39.00,50.46,-12.61
3,6,6,A6_CH6,,2,35.73,-5.31,271.00,25.23,-12.61
3,6,62,A6_CH62,,3,14.73,-5.31,264.00,25.23,-12.61
3,5,19,A5_CH19,,0,54.96,-13.92,157.00,50.46,-12.61
3,6,40,A6_CH40,,3,20.73,-23.31,26.00,25.23,-12.61
3,6,37,A6_CH37,,3,23.73,-7.92,227.00,25.23,-12.61
3,5,24,A5_CH24,,0,51.96,-23.31,36.00,50.46,-12.61
3,6,59,A6_CH59,,3,14.73,-13.92,144.00,25.23,-12.61
3,6,54,A6_CH54,,3,17.73,-5.31,265.00,25.23,-12.61
3,5,26,A5_CH26,,0,51.96,-17.31,116.00,50.46,-12.61
3,6,49,A6_CH49,,3,17.73,-19.92,65.00,25.23,-12.61
3,6,44,A6_CH44,,3,20.73,-11.31,186.00,25.23,-12.61
3,5,25,A5_CH25,,0,51.96,-19.92,76.00,50.46,-12.61
3,6,58,A6_CH58,,3,14.73,-17.31,104.00,25.23,-12.61
3,6,55,A6_CH55,,3,17.73,-1.92,305.00,25.23,-12.61
3,5,27,A5_CH27,,0,51.96,-13.92,156.00,50.46,-12.61
3,6,48,A6_CH48,,3,17.73,-23.31,25.00,25.23,-12.61
3,6,61,A6_CH61,,3,14.73,-7.92,224.00,25.23,-12.61
3,5,32,A5_CH32,,1,48.96,-23.31,35.00,50.46,-12.61
3,6,51,A6_CH51,,3,17.73,-13.92,145.00,25.23,-12.61
3,6,47,A6_CH47,,3,20.73,-1.92,306.00,25.23,-12.61
3,5,34,A5_CH34,,1,48.96,-17.31,115.00,50.46,-12.61
3,6,41,A6_CH41,,3,20.73,-19.92,66.00,25.23,-12.61
3,6,52,A6_CH52,,3,17.73,-11.31,185.00,25.23,-12.61
3,5,33,A5_CH33,,1,48.96,-19.92,75.00,50.46,-12.61
3,6,50,A6_CH50,,3,17.73,-17.31,105.00,25.23,-12.61
3,6,63,A6_CH63,,3,14.73,-1.92,304.00,25.23,-12.61
3,5,35,A5_CH35,,1,48.96,-13.92,155.00,50.46,-12.61
3,6,56,A6_CH56,,3,14.73,-23.31,24.00,25.23,-12.61
3,6,53,A6_CH53,,3,17.73,-7.92,225.00,25.23,-12.61
3,5,56,A5_CH56,,1,39.96,-23.31,32.00,50.46,-12.61
3,6,43,A6_CH43,,3,20.73,-13.92,146.00,25.23,-12.61
3,7,2,A7_CH2,,4,10.50,-17.31,103.00,0.00,-12.61
3,5,42,A5_CH42,,1,45.96,-17.31,114.00,50.46,-12.61
3,6,33,A6_CH33,,3,23.73,-19.92,67.00,25.23,-12.61
3,6,60,A6_CH60,,3,14.73,-11.31,184.00,25.23,-12.61
3,5,41,A5_CH41,,1,45.96,-19.92,74.00,50.46,-12.61
3,6,42,A6_CH42,,3,20.73,-17.31,106.00,25.23,-12.61
3,7,3,A7_CH3,,4,10.50,-13.92,143.00,0.00,-12.61
3,5,43,A5_CH43,,1,45.96,-13.92,154.00,50.46,-12.61
3,6,32,A6_CH32,,3,23.73,-23.31,27.00,25.23,-12.61
3,6,45,A6_CH45,,3,20.73,-7.92,226.00,25.23,-12.61
3,5,48,A5_CH48,,1,42.96,-23.31,33.00,50.46,-12.61
3,6,35,A6_CH35,,3,23.73,-13.92,147.00,25.23,-12.61
3,7,10,A7_CH10,,4,7.50,-17.31,102.00,0.00,-12.61
3,5,50,A5_CH50,,1,42.96,-17.31,113.00,50.46,-12.61
3,6,25,A6_CH25,,2,26.73,-19.92,68.00,25.23,-12.61
3,7,9,A7_CH9,,4,7.50,-19.92,62.00,0.00,-12.61
3,5,49,A5_CH49,,1,42.96,-19.92,73.00,50.46,-12.61
3,6,34,A6_CH34,,3,23.73,-17.31,107.00,25.23,-12.61
3,7,11,A7_CH11,,4,7.50,-13.92,142.00,0.00,-12.61
3,5,51,A5_CH51,,1,42.96,-13.92,153.00,50.46,-12.61
3,6,24,A6_CH24,,2,26.73,-23.31,28.00,25.23,-12.61
3,7,1,A7_CH1,,4,10.50,-19.92,63.00,0.00,-12.61
3,5,40,A5_CH40,,1,45.96,-23.31,34.00,50.46,-12.61
3,6,27,A6_CH27,,2,26.73,-13.92,148.00,25.23,-12.61
3,7,18,A7_CH18,,4,4.50,-17.31,101.00,0.00,-12.61
3,5,58,A5_CH58,,1,39.96,-17.31,112.00,50.46,-12.61
3,6,0,A6_CH0,,2,35.73,-23.31,31.00,25.23,-12.61
3,7,8,A7_CH8,,4,7.50,-23.31,22.00,0.00,-12.61
3,5,57,A5_CH57,,1,39.96,-19.92,72.00,50.46,-12.61
3,6,26,A6_CH26,,2,26.73,-17.31,108.00,25.23,-12.61
3,7,19,A7_CH19,,4,4.50,-13.92,141.00,0.00,-12.61
3,5,59,A5_CH59,,1,39.96,-13.92,152.00,50.46,-12.61
3,6,16,A6_CH16,,2,29.73,-23.31,29.00,25.23,-12.61
3,7,17,A7_CH17,,4,4.50,-19.92,61.00,0.00,-12.61
3,5,4,A5_CH4,,0,60.96,-11.31,199.00,50.46,-12.61
3,6,19,A6_CH19,,2,29.73,-13.92,149.00,25.23,-12.61
3,7,26,A7_CH26,,4,1.50,-17.31,100.00,0.00,-12.61
3,5,6,A5_CH6,,0,60.96,-5.31,279.00,50.46,-12.61
3,6,17,A6_CH17,,2,29.73,-19.92,69.00,25.23,-12.61
3,7,16,A7_CH16,,4,4.50,-23.31,21.00,0.00,-12.61
3,5,13,A5_CH13,,0,57.96,-7.92,238.00,50.46,-12.61
3,6,18,A6_CH18,,2,29.73,-17.31,109.00,25.23,-12.61
3,7,27,A7_CH27,,4,1.50,-13.92,140.00,0.00,-12.61
3,5,7,A5_CH7,,0,60.96,-1.92,319.00,50.46,-12.61
3,6,8,A6_CH8,,2,32.73,-23.31,30.00,25.23,-12.61
3,7,0,A7_CH0,,4,10.50,-23.31,23.00,0.00,-12.61
3,5,12,A5_CH12,,0,57.96,-11.31,198.00,50.46,-12.61
3,6,11,A6_CH11,,2,32.73,-13.92,150.00,25.23,-12.61
3,7,6,A7_CH6,,4,10.50,-5.31,263.00,0.00,-12.61
3,5,14,A5_CH14,,0,57.96,-5.31,278.00,50.46,-12.61
3,6,1,A6_CH1,,2,35.73,-19.92,71.00,25.23,-12.61
3,7,24,A7_CH24,,4,1.50,-23.31,20.00,0.00,-12.61
3,5,5,A5_CH5,,0,60.96,-7.92,239.00,50.46,-12.61
3,6,10,A6_CH10,,2,32.73,-17.31,110.00,25.23,-12.61
3,7,7,A7_CH7,,4,10.50,-1.92,303.00,0.00,-12.61
3,5,23,A5_CH23,,0,54.96,-1.92,317.00,50.46,-12.61
3,6,9,A6_CH9,,2,32.73,-19.92,70.00,25.23,-12.61
3,7,25,A7_CH25,,4,1.50,-19.92,60.00,0.00,-12.61
3,5,20,A5_CH20,,0,54.96,-11.31,197.00,50.46,-12.61
3,6,3,A6_CH3,,2,35.73,-13.92,151.00,25.23,-12.61
3,7,14,A7_CH14,,4,7.50,-5.31,262.00,0.00,-12.61
3,5,22,A5_CH22,,0,54.96,-5.31,277.00,50.46,-12.61
3,5,61,A5_CH61,,1,39.96,-7.92,232.00,50.46,-12.61
3,7,4,A7_CH4,,4,10.50,-11.31,183.00,0.00,-12.61
3,5,21,A5_CH21,,0,54.96,-7.92,237.00,50.46,-12.61
3,6,2,A6_CH2,,2,35.73,-17.31,111.00,25.23,-12.61
3,7,23,A7_CH23,,4,4.50,-1.92,301.00,0.00,-12.61
3,5,15,A5_CH15,,0,57.96,-1.92,318.00,50.46,-12.61
3,5,46,A5_CH46,,1,45.96,-5.31,274.00,50.46,-12.61
3,7,13,A7_CH13,,4,7.50,-7.92,222.00,0.00,-12.61
3,5,28,A5_CH28,,0,51.96,-11.31,196.00,50.46,-12.61
3,5,62,A5_CH62,,1,39.96,-5.31,272.00,50.46,-12.61
3,7,22,A7_CH22,,4,4.50,-5.31,261.00,0.00,-12.61
3,5,30,A5_CH30,,0,51.96,-5.31,276.00,50.46,-12.61
3,5,52,A5_CH52,,1,42.96,-11.31,193.00,50.46,-12.61
3,7,12,A7_CH12,,4,7.50,-11.31,182.00,0.00,-12.61
3,5,29,A5_CH29,,0,51.96,-7.92,236.00,50.46,-12.61
3,5,54,A5_CH54,,1,42.96,-5.31,273.00,50.46,-12.61
3,7,15,A7_CH15,,4,7.50,-1.92,302.00,0.00,-12.61
3,5,31,A5_CH31,,0,51.96,-1.92,316.00,50.46,-12.61
3,5,53,A5_CH53,,1,42.96,-7.92,233.00,50.46,-12.61
3,7,5,A7_CH5,,4,10.50,-7.92,223.00,0.00,-12.61
3,5,36,A5_CH36,,1,48.96,-11.31,195.00,50.46,-12.61
3,5,55,A5_CH55,,1,42.96,-1.92,313.00,50.46,-12.61
3,7,30,A7_CH30,,4,1.50,-5.31,260.00,0.00,-12.61
3,5,38,A5_CH38,,1,48.96,-5.31,275.00,50.46,-12.61
3,5,60,A5_CH60,,1,39.96,-11.31,192.00,50.46,-12.61
3,7,20,A7_CH20,,4,4.50,-11.31,181.00,0.00,-12.61
3,5,37,A5_CH37,,1,48.96,-7.92,235.00,50.46,-12.61
3,5,47,A5_CH47,,1,45.96,-1.92,314.00,50.46,-12.61
3,7,31,A7_CH31,,4,1.50,-1.92,300.00,0.00,-12.61
3,5,39,A5_CH39,,1,48.96,-1.92,315.00,50.46,-12.61
3,5,45,A5_CH45,,1,45.96,-7.92,234.00,50.46,-12.61
3,7,21,A7_CH21,,4,4.50,-7.92,221.00,0.00,-12.61
3,5,44,A5_CH44,,1,45.96,-11.31,194.00,50.46,-12.61
3,5,63,A5_CH63,,1,39.96,-1.92,312.00,50.46,-12.61
3,7,29,A7_CH29,,4,1.50,-7.92,220.00,0.00,-12.61
3,7,28,A7_CH28,,4,1.50,-11.31,180.00,0.00,-12.61
